{"stats":{"minecraft:picked_up":{"minecraft:redstone":64,"minecraft:sugar_cane":3,"minecraft:wheat_seeds":1},"minecraft:dropped":{"minecraft:redstone":64},"minecraft:mined":{"minecraft:grass":2,"minecraft:sugar_cane":2},"minecraft:used":{"unusualprehistory:analyzer":1},"minecraft:killed_by":{"iceandfire:lightning_dragon":1},"minecraft:custom":{"minecraft:jump":42,"minecraft:time_since_rest":3199,"minecraft:damage_taken":295,"minecraft:walk_one_cm":3413,"minecraft:leave_game":2,"minecraft:sprint_one_cm":7997,"minecraft:play_time":7194,"minecraft:time_since_death":3129,"minecraft:walk_on_water_one_cm":3821,"minecraft:deaths":5,"minecraft:sneak_time":15,"minecraft:total_world_time":7194,"minecraft:drop":1,"minecraft:fall_one_cm":1290,"minecraft:fly_one_cm":32627}},"DataVersion":3465}