{"stats":{"minecraft:picked_up":{"minecraft:cocoa_beans":4,"minecraft:sugar_cane":1},"minecraft:used":{"iceandfire:spawn_egg_fire_dragon":20,"iceandfire:spawn_egg_ice_dragon":21,"iceandfire:spawn_egg_lightning_dragon":14},"minecraft:mined":{"minecraft:tall_grass":2},"minecraft:custom":{"minecraft:jump":43,"minecraft:time_since_rest":1473,"minecraft:deaths":2,"minecraft:crouch_one_cm":918,"minecraft:leave_game":5,"minecraft:sprint_one_cm":848,"minecraft:play_time":47652,"minecraft:walk_on_water_one_cm":769,"minecraft:time_since_death":1434,"minecraft:walk_one_cm":2252,"minecraft:sneak_time":617,"minecraft:total_world_time":47652,"minecraft:fly_one_cm":255909}},"DataVersion":3465}