{"stats":{"minecraft:picked_up":{"minecraft:pink_petals":21},"minecraft:dropped":{"unusualprehistory:archaefructus_flask":2},"minecraft:used":{"minecraft:pink_petals":21,"unusualprehistory:analyzer":1},"minecraft:mined":{"minecraft:pink_petals":7,"minecraft:grass":1},"minecraft:custom":{"minecraft:jump":43,"minecraft:time_since_rest":5962,"minecraft:sprint_one_cm":10731,"minecraft:play_time":5962,"minecraft:time_since_death":5962,"minecraft:walk_one_cm":3997,"minecraft:total_world_time":5962,"minecraft:drop":1,"minecraft:fall_one_cm":269,"minecraft:fly_one_cm":9001}},"DataVersion":3465}