{"stats":{"minecraft:picked_up":{"minecraft:pink_petals":21,"minecraft:cherry_log":7,"alexsmobs:enderiophage_rocket":1,"unusualprehistory:archaefructus_flask":2,"alexsmobs:gazelle_horn":1,"unusualprehistory:beelz_flask":2,"unusualprehistory:flask":64,"unusualprehistory:opal_fossil":64,"minecraft:terracotta":2,"endrem:wither_eye":2,"minecraft:nether_star":1,"minecraft:cobblestone":3,"minecraft:sculk_catalyst":1},"minecraft:dropped":{"alexscaves:metal_rebar":1,"alexsmobs:enderiophage_rocket":1,"unusualprehistory:archaefructus_flask":2,"minecraft:cherry_log":7,"alexscaves:hologram_projector":1,"unusualprehistory:beelz_flask":1,"minecraft:firework_rocket":1},"minecraft:mined":{"minecraft:pink_petals":7,"minecraft:grass":1},"minecraft:used":{"minecraft:warden_spawn_egg":2,"minecraft:firework_rocket":34,"alexscaves:hologram_projector":2,"minecraft:flint_and_steel":1,"minecraft:wither_skeleton_skull":9,"alexscaves:metal_rebar":1,"unusualprehistory:analyzer":2,"minecraft:elytra":1,"unusualprehistory:rex_eggs":25,"gobber2:gobber2_staff_ensnarement":7,"minecraft:pink_petals":21,"alexscaves:energized_galena_neutral":17,"minecraft:soul_sand":11,"alexsmobs:enderiophage_rocket":1,"unusualprehistory:cultivator":2,"alexsmobs:animal_dictionary":1,"alexscaves:quarry":2,"minecraft:cherry_log":14,"minecraft:obsidian":14},"minecraft:killed":{"alexsmobs:elephant":2,"alexsmobs:gazelle":2,"minecraft:warden":2},"minecraft:custom":{"minecraft:time_since_rest":17364,"minecraft:sprint_one_cm":27419,"minecraft:walk_one_cm":61850,"minecraft:mob_kills":4,"minecraft:drop":7,"minecraft:damage_dealt":85,"minecraft:fly_one_cm":208163,"minecraft:open_chest":9,"minecraft:crouch_one_cm":272,"minecraft:play_time":42339,"minecraft:deaths":3,"minecraft:sneak_time":513,"minecraft:aviate_one_cm":276139,"minecraft:jump":316,"minecraft:leave_game":1,"minecraft:walk_on_water_one_cm":665,"minecraft:time_since_death":17335,"minecraft:total_world_time":42339,"minecraft:fall_one_cm":269}},"DataVersion":3465}