{"stats":{"minecraft:picked_up":{"minecraft:pink_petals":21,"unusualprehistory:flask":64,"unusualprehistory:opal_fossil":64,"minecraft:cherry_log":7,"unusualprehistory:archaefructus_flask":2,"unusualprehistory:beelz_flask":2},"minecraft:dropped":{"unusualprehistory:archaefructus_flask":2,"minecraft:cherry_log":7,"unusualprehistory:beelz_flask":1},"minecraft:used":{"minecraft:pink_petals":21,"minecraft:firework_rocket":1,"alexscaves:hologram_projector":2,"alexsmobs:enderiophage_rocket":1,"alexscaves:metal_rebar":1,"unusualprehistory:analyzer":2,"minecraft:elytra":1,"unusualprehistory:cultivator":2,"alexsmobs:animal_dictionary":1,"unusualprehistory:rex_eggs":12,"alexscaves:quarry":2,"minecraft:cherry_log":14},"minecraft:mined":{"minecraft:pink_petals":7,"minecraft:grass":1},"minecraft:custom":{"minecraft:open_chest":9,"minecraft:time_since_rest":4987,"minecraft:crouch_one_cm":272,"minecraft:play_time":29962,"minecraft:sprint_one_cm":18703,"minecraft:deaths":3,"minecraft:walk_one_cm":36797,"minecraft:sneak_time":457,"minecraft:drop":3,"minecraft:aviate_one_cm":89632,"minecraft:jump":144,"minecraft:damage_dealt":10,"minecraft:time_since_death":4958,"minecraft:walk_on_water_one_cm":665,"minecraft:total_world_time":29962,"minecraft:fall_one_cm":269,"minecraft:fly_one_cm":118985}},"DataVersion":3465}