{"stats":{"minecraft:used":{"alexscaves:quarry_smasher":26,"minecraft:flint_and_steel":22,"minecraft:acacia_log":2,"iceandfire:spawn_egg_ice_dragon":40,"minecraft:grass":32,"minecraft:dirt":1,"minecraft:cobblestone":1,"iceandfire:spawn_egg_lightning_dragon":69,"minecraft:tnt":1,"minecraft:acacia_leaves":15,"alexscaves:nuclear_bomb":110,"iceandfire:spawn_egg_fire_dragon":37,"alexscaves:quarry":89,"unusualprehistory:tar_bucket":44},"minecraft:picked_up":{"minecraft:dark_oak_slab":1,"minecraft:dark_oak_button":3,"minecraft:andesite":51,"minecraft:torch":2,"minecraft:green_bed":1,"minecraft:gravel":3,"minecraft:stone_button":1,"iceandfire:spawn_egg_lightning_dragon":64,"unusualprehistory:archaefructus_flask":2,"minecraft:lapis_lazuli":5,"minecraft:cornflower":1,"minecraft:dirt":51,"minecraft:lantern":1,"minecraft:bone":2,"minecraft:wheat_seeds":3,"minecraft:lever":1,"minecraft:spruce_planks":2,"unusualprehistory:flask":64,"unusualprehistory:opal_fossil":64,"minecraft:stripped_dark_oak_wood":1,"minecraft:bone_block":1,"minecraft:cobblestone":83},"minecraft:mined":{"minecraft:grass":16,"minecraft:tall_grass":16},"minecraft:custom":{"minecraft:time_since_rest":20057,"minecraft:sprint_one_cm":27326,"minecraft:walk_one_cm":39858,"minecraft:drop":10,"minecraft:damage_dealt":35,"minecraft:fly_one_cm":745045,"minecraft:open_chest":2,"minecraft:crouch_one_cm":8092,"minecraft:play_time":28046,"minecraft:deaths":1,"minecraft:sneak_time":2536,"minecraft:jump":259,"minecraft:leave_game":2,"minecraft:time_since_death":19983,"minecraft:total_world_time":28046,"minecraft:fall_one_cm":1939},"minecraft:dropped":{"minecraft:grass":2,"unusualprehistory:archaefructus_flask":2,"minecraft:stone_button":1,"unusualprehistory:flask":64,"minecraft:stripped_dark_oak_wood":1,"iceandfire:spawn_egg_lightning_dragon":64,"unusualprehistory:opal_fossil":64,"minecraft:acacia_log":1,"minecraft:acacia_leaves":1}},"DataVersion":3465}