{"stats":{"minecraft:used":{"alexscaves:quarry_smasher":26,"minecraft:flint_and_steel":44,"minecraft:acacia_log":2,"iceandfire:spawn_egg_ice_dragon":40,"minecraft:grass":32,"minecraft:dirt":1,"minecraft:cobblestone":1,"iceandfire:spawn_egg_lightning_dragon":88,"minecraft:tnt":10,"minecraft:acacia_leaves":15,"alexscaves:nuclear_bomb":159,"iceandfire:spawn_egg_fire_dragon":37,"alexscaves:quarry":89,"unusualprehistory:tar_bucket":44},"minecraft:picked_up":{"minecraft:dark_oak_slab":1,"minecraft:dark_oak_button":3,"minecraft:andesite":51,"minecraft:torch":2,"minecraft:green_bed":1,"minecraft:gravel":3,"minecraft:stone_button":1,"iceandfire:spawn_egg_lightning_dragon":64,"unusualprehistory:archaefructus_flask":2,"minecraft:lapis_lazuli":5,"minecraft:cornflower":1,"minecraft:dirt":51,"minecraft:lantern":1,"minecraft:bone":2,"unusualprehistory:tar_bucket":1,"minecraft:wheat_seeds":3,"minecraft:cobbled_deepslate":53,"minecraft:lever":1,"minecraft:spruce_planks":2,"unusualprehistory:flask":64,"unusualprehistory:opal_fossil":64,"minecraft:stripped_dark_oak_wood":1,"minecraft:bone_block":1,"minecraft:cobblestone":84},"minecraft:mined":{"minecraft:grass":16,"minecraft:tall_grass":16},"minecraft:custom":{"minecraft:time_since_rest":32057,"minecraft:sprint_one_cm":27605,"minecraft:walk_one_cm":43862,"minecraft:drop":11,"minecraft:damage_dealt":35,"minecraft:fly_one_cm":1122721,"minecraft:open_chest":2,"minecraft:crouch_one_cm":10595,"minecraft:play_time":40046,"minecraft:deaths":1,"minecraft:sneak_time":3368,"minecraft:jump":286,"minecraft:leave_game":2,"minecraft:time_since_death":31983,"minecraft:total_world_time":40046,"minecraft:fall_one_cm":1939},"minecraft:dropped":{"minecraft:grass":2,"unusualprehistory:archaefructus_flask":2,"minecraft:stone_button":1,"unusualprehistory:flask":64,"minecraft:stripped_dark_oak_wood":1,"iceandfire:spawn_egg_lightning_dragon":64,"unusualprehistory:tar_bucket":1,"unusualprehistory:opal_fossil":64,"minecraft:acacia_log":1,"minecraft:acacia_leaves":1}},"DataVersion":3465}