{"stats":{"minecraft:used":{"alexscaves:quarry_smasher":26,"alexscaves:thornwood_chest_boat":2,"minecraft:flint_and_steel":44,"minecraft:acacia_log":2,"iceandfire:spawn_egg_ice_dragon":122,"ecologics:walnut_log":1,"iceandfire:ghost_chest":5,"minecraft:chest":2,"stalwart_dungeons:warted_tungsten_chestplate":1,"stalwart_dungeons:chorundum_armor_chestplate":1,"minecraft:grass":32,"minecraft:dirt":1,"minecraft:cobblestone":1,"iceandfire:spawn_egg_lightning_dragon":88,"minecraft:tnt":10,"aquamirae:frozen_chest":8,"minecraft:acacia_leaves":15,"alexscaves:nuclear_bomb":159,"iceandfire:spawn_egg_fire_dragon":37,"alexscaves:quarry":89,"unusualprehistory:tar_bucket":44},"minecraft:picked_up":{"iceandfire:ghost_chest":1,"minecraft:dark_oak_slab":1,"born_in_chaos_v1:monster_flesh":1,"minecraft:dark_oak_button":3,"minecraft:andesite":51,"minecraft:torch":2,"minecraft:green_bed":1,"minecraft:gravel":3,"gobber2:gobber2_ring_phoenix":2,"minecraft:stone_button":1,"iceandfire:spawn_egg_lightning_dragon":64,"unusualprehistory:archaefructus_flask":2,"minecraft:lapis_lazuli":5,"minecraft:cornflower":1,"minecraft:dirt":51,"minecraft:lantern":1,"minecraft:arrow":2,"minecraft:bone":3,"unusualprehistory:tar_bucket":1,"minecraft:wheat_seeds":3,"minecraft:cobbled_deepslate":53,"minecraft:lever":1,"minecraft:spruce_planks":2,"unusualprehistory:flask":64,"unusualprehistory:opal_fossil":64,"minecraft:stripped_dark_oak_wood":1,"minecraft:calcite":1,"minecraft:chest":1,"minecraft:bone_block":1,"minecraft:cobblestone":84},"minecraft:mined":{"minecraft:grass":16,"minecraft:tall_grass":16},"minecraft:killed":{"minecraft:skeleton":6,"born_in_chaos_v1:dread_hound":4,"born_in_chaos_v1:swarmer":2},"minecraft:custom":{"minecraft:time_since_rest":7700,"minecraft:sprint_one_cm":29793,"minecraft:walk_one_cm":64622,"minecraft:mob_kills":6,"minecraft:trigger_trapped_chest":3,"minecraft:drop":16,"minecraft:damage_dealt":45,"minecraft:fly_one_cm":1179569,"minecraft:open_chest":12,"minecraft:crouch_one_cm":11317,"minecraft:play_time":51678,"minecraft:deaths":2,"minecraft:sneak_time":3741,"minecraft:walk_under_water_one_cm":1520,"minecraft:jump":329,"minecraft:leave_game":3,"minecraft:walk_on_water_one_cm":420,"minecraft:time_since_death":7543,"minecraft:total_world_time":51678,"minecraft:fall_one_cm":1939},"minecraft:dropped":{"aquamirae:ship_graveyard_echo":1,"minecraft:grass":2,"iceandfire:ghost_chest":1,"unusualprehistory:archaefructus_flask":2,"minecraft:stone_button":1,"unusualprehistory:flask":64,"minecraft:chest":1,"minecraft:stripped_dark_oak_wood":1,"iceandfire:spawn_egg_lightning_dragon":64,"unusualprehistory:tar_bucket":1,"unusualprehistory:opal_fossil":64,"minecraft:acacia_log":1,"minecraft:acacia_leaves":1,"gobber2:gobber2_ring_phoenix":2}},"DataVersion":3465}