{"stats":{"minecraft:picked_up":{"unusualprehistory:flask":64,"unusualprehistory:archaefructus_flask":2,"minecraft:wheat_seeds":3,"unusualprehistory:opal_fossil":64},"minecraft:dropped":{"unusualprehistory:archaefructus_flask":2,"unusualprehistory:opal_fossil":64,"unusualprehistory:flask":64},"minecraft:mined":{"minecraft:grass":16,"minecraft:tall_grass":16},"minecraft:custom":{"minecraft:jump":65,"minecraft:time_since_rest":2691,"minecraft:crouch_one_cm":965,"minecraft:leave_game":2,"minecraft:sprint_one_cm":3128,"minecraft:play_time":10680,"minecraft:deaths":1,"minecraft:time_since_death":2617,"minecraft:walk_one_cm":2810,"minecraft:sneak_time":681,"minecraft:total_world_time":10680,"minecraft:drop":3,"minecraft:fall_one_cm":1939,"minecraft:fly_one_cm":248581}},"DataVersion":3465}