{"stats":{"minecraft:used":{"minecraft:acacia_log":2,"iceandfire:spawn_egg_lightning_dragon":2,"minecraft:acacia_leaves":15,"unusualprehistory:tar_bucket":44,"minecraft:grass":32},"minecraft:picked_up":{"minecraft:wheat_seeds":3,"unusualprehistory:flask":64,"unusualprehistory:opal_fossil":64,"unusualprehistory:archaefructus_flask":2},"minecraft:mined":{"minecraft:grass":16,"minecraft:tall_grass":16},"minecraft:custom":{"minecraft:open_chest":1,"minecraft:time_since_rest":8057,"minecraft:crouch_one_cm":2479,"minecraft:play_time":16046,"minecraft:sprint_one_cm":8067,"minecraft:deaths":1,"minecraft:walk_one_cm":8104,"minecraft:sneak_time":1070,"minecraft:drop":4,"minecraft:jump":163,"minecraft:leave_game":2,"minecraft:time_since_death":7983,"minecraft:total_world_time":16046,"minecraft:fall_one_cm":1939,"minecraft:fly_one_cm":362049},"minecraft:dropped":{"minecraft:grass":1,"unusualprehistory:archaefructus_flask":2,"unusualprehistory:opal_fossil":64,"unusualprehistory:flask":64}},"DataVersion":3465}