{"stats":{"minecraft:dropped":{"mca:book_romance":1,"alexscaves:notor_gizmo":64,"alexscaves:quarry_smasher":1},"minecraft:mined":{"minecraft:cherry_log":9,"minecraft:stripped_cherry_log":3},"minecraft:used":{"alexscaves:quarry_smasher":1,"alexscaves:hologram_projector":1,"alexscaves:cave_book":1,"alexscaves:metal_rebar":6,"alexscaves:magnetic_activator":4,"minecraft:netherite_axe":20,"alexscaves:magnetic_light":1,"alexscaves:quarry":1},"minecraft:custom":{"minecraft:time_since_rest":5105,"minecraft:open_chest":2,"minecraft:crouch_one_cm":176,"minecraft:play_time":27755,"minecraft:sprint_one_cm":41298,"minecraft:deaths":2,"minecraft:walk_one_cm":22385,"minecraft:sneak_time":738,"minecraft:walk_under_water_one_cm":4333,"minecraft:drop":3,"minecraft:jump":191,"minecraft:damage_dealt":10,"minecraft:time_since_death":5077,"minecraft:walk_on_water_one_cm":941,"minecraft:total_world_time":27755,"minecraft:swim_one_cm":4788,"minecraft:fall_one_cm":1045,"minecraft:fly_one_cm":223827}},"DataVersion":3465}