{"stats":{"minecraft:used":{"alexscaves:quarry_smasher":1,"minecraft:water_bucket":11,"alexscaves:hologram_projector":1,"minecraft:grass_block":60,"alexscaves:cave_book":1,"alexscaves:metal_rebar":6,"alexscaves:magnetic_activator":4,"minecraft:netherite_axe":20,"minecraft:bucket":12,"crittersandcompanions:koi_fish_bucket":1,"nethersdelight:blackstone_blast_furnace":8,"alexscaves:magnetic_light":1,"alexscaves:quarry":4,"minecraft:obsidian":123},"minecraft:picked_up":{"minecraft:wheat_seeds":12},"minecraft:mined":{"minecraft:cherry_log":9,"minecraft:stripped_cherry_log":3},"minecraft:custom":{"minecraft:time_since_rest":19548,"minecraft:open_chest":2,"minecraft:crouch_one_cm":396,"minecraft:play_time":42198,"minecraft:sprint_one_cm":71702,"minecraft:deaths":2,"minecraft:walk_one_cm":50990,"minecraft:sneak_time":1609,"minecraft:walk_under_water_one_cm":4557,"minecraft:drop":5,"minecraft:jump":272,"minecraft:damage_dealt":10,"minecraft:interact_with_blast_furnace":1,"minecraft:walk_on_water_one_cm":3240,"minecraft:time_since_death":19520,"minecraft:total_world_time":42198,"minecraft:swim_one_cm":4788,"minecraft:fall_one_cm":1045,"minecraft:fly_one_cm":382782},"minecraft:dropped":{"mca:book_romance":1,"minecraft:wheat_seeds":7,"alexscaves:notor_gizmo":64,"nethersdelight:blackstone_blast_furnace":1,"alexscaves:quarry_smasher":1}},"DataVersion":3465}