{"stats":{"minecraft:used":{"alexscaves:quarry_smasher":3,"minecraft:water_bucket":11,"minecraft:lever":1,"alexscaves:hologram_projector":1,"alexscaves:metal_rebar":6,"minecraft:grass_block":78,"minecraft:netherite_axe":20,"crittersandcompanions:koi_fish_bucket":1,"nethersdelight:blackstone_blast_furnace":8,"alexscaves:cave_book":1,"minecraft:bucket":12,"alexscaves:magnetic_activator":4,"alexscaves:magnetic_light":5,"alexscaves:quarry":17,"alexscaves:nuclear_bomb":2,"minecraft:obsidian":129},"minecraft:picked_up":{"minecraft:andesite":12,"minecraft:gravel":1,"alexscaves:azure_neodymium_ingot":8,"minecraft:dirt":6,"alexscaves:scarlet_neodymium_ingot":10,"minecraft:wheat_seeds":12,"minecraft:coal":2,"minecraft:cobblestone":31},"minecraft:mined":{"minecraft:cherry_log":9,"minecraft:stripped_cherry_log":3},"minecraft:custom":{"minecraft:time_since_rest":31548,"minecraft:sprint_one_cm":96375,"minecraft:walk_one_cm":66571,"minecraft:drop":6,"minecraft:damage_dealt":10,"minecraft:swim_one_cm":4788,"minecraft:fly_one_cm":635802,"minecraft:open_chest":2,"minecraft:crouch_one_cm":2310,"minecraft:play_time":54198,"minecraft:deaths":2,"minecraft:sneak_time":3991,"minecraft:walk_under_water_one_cm":4557,"minecraft:jump":400,"minecraft:interact_with_blast_furnace":1,"minecraft:time_since_death":31520,"minecraft:walk_on_water_one_cm":3240,"minecraft:total_world_time":54198,"minecraft:fall_one_cm":1045},"minecraft:dropped":{"mca:book_romance":1,"minecraft:wheat_seeds":12,"alexscaves:notor_gizmo":64,"nethersdelight:blackstone_blast_furnace":1,"alexscaves:quarry_smasher":1}},"DataVersion":3465}