{
  "takesapillage:root": {
    "criteria": {
      "always": "2024-07-19 22:03:50 +0000"
    },
    "done": true
  },
  "minecraft:recipes/decorations/crafting_table": {
    "criteria": {
      "unlock_right_away": "2024-07-19 22:03:50 +0000"
    },
    "done": true
  },
  "mowziesmobs:root": {
    "criteria": {
      "custom_test_name": "2024-07-19 22:03:50 +0000"
    },
    "done": true
  },
  "irons_spellbooks:grant_patchouli": {
    "criteria": {
      "tick": "2024-07-19 22:03:50 +0000"
    },
    "done": true
  },
  "iceandfire:iceandfire/root": {
    "criteria": {
      "tick": "2024-07-19 22:03:50 +0000"
    },
    "done": true
  },
  "dungeons_arise:wda_root": {
    "criteria": {
      "WDA": "2024-07-19 22:03:50 +0000"
    },
    "done": true
  },
  "born_in_chaos_v1:bornin_chaos": {
    "criteria": {
      "bornin_chaos_0": "2024-07-19 22:03:50 +0000"
    },
    "done": true
  },
  "cataclysm:root": {
    "criteria": {
      "custom_test_name": "2024-07-19 22:03:50 +0000"
    },
    "done": true
  },
  "farmersdelight:main/root": {
    "criteria": {
      "seeds": "2024-07-19 22:03:50 +0000"
    },
    "done": true
  },
  "minecraft:adventure/adventuring_time": {
    "criteria": {
      "minecraft:cherry_grove": "2024-07-19 22:04:04 +0000",
      "minecraft:river": "2024-07-19 22:11:47 +0000",
      "minecraft:cold_ocean": "2024-07-19 22:07:24 +0000",
      "minecraft:forest": "2024-07-19 22:11:40 +0000",
      "minecraft:deep_cold_ocean": "2024-07-19 22:07:52 +0000",
      "minecraft:ocean": "2024-07-19 22:06:33 +0000",
      "minecraft:meadow": "2024-07-19 22:09:36 +0000",
      "minecraft:plains": "2024-07-19 22:03:51 +0000"
    },
    "done": false
  },
  "minecraft:main/opal_fossil": {
    "criteria": {
      "opal_fossil": "2024-07-19 22:09:09 +0000"
    },
    "done": true
  },
  "mca:root": {
    "criteria": {
      "village_savanna": "2024-07-19 22:12:15 +0000"
    },
    "done": true
  },
  "minecraft:main/plants": {
    "criteria": {
      "archaefructus_flask": "2024-07-19 22:09:08 +0000"
    },
    "done": true
  },
  "DataVersion": 3465
}